month,month_name,seasonal_component_mean,seasonal_index
1,Jan,-1799896.4432255952,-1.122
2,Feb,-2050526.8867346498,-1.279
3,Mar,-1733551.872967715,-1.081
4,Apr,-959834.0955382291,-0.598
5,May,-242991.2321181474,-0.152
6,Jun,1131407.1363759397,0.705
7,Jul,2636522.1109695714,1.644
8,Aug,2845966.8239487144,1.775
9,Sep,2376376.0390750426,1.482
10,Oct,652488.356314983,0.407
11,Nov,-1076000.6921459085,-0.671
12,Dec,-1739615.0418167114,-1.085
